City_ID,City,Lat,Lng,Max Temp,Humidity,Cloudiness,Wind Speed,Country,Date
0,lebu,-37.6167,-73.65,18.05,63,20,2.11,CL,1738509219
1,tazovsky,67.4667,78.7,-29.72,93,13,3.85,RU,1738509220
2,touros,-5.1989,-35.4608,30.94,58,59,6.61,BR,1738509221
3,kavaratti,10.5669,72.642,27.62,77,80,3.26,IN,1738509223
4,papatowai,-46.5619,169.4708,9.66,76,100,3.24,NZ,1738509224
5,santiago del torno,-17.9833,-63.3833,36.47,27,0,3.21,BO,1738509225
6,aykhal,66.0,111.5,-33.03,92,70,2.73,RU,1738509226
7,georgetown,5.4112,100.3354,27.96,68,20,2.24,MY,1738509227
8,carnarvon,-24.8667,113.6333,28.31,65,1,14.45,AU,1738509228
9,khuzdar,27.7384,66.6434,10.57,23,0,2.95,PK,1738509229
10,edinburgh of the seven seas,-37.0676,-12.3116,18.28,84,80,12.21,SH,1738509230
11,adamstown,-25.066,-130.1015,24.58,75,23,4.78,PN,1738509232
12,puerto ayora,-0.7393,-90.3518,25.86,94,8,1.34,EC,1738509233
13,bredasdorp,-34.5322,20.0403,23.87,42,0,8.99,ZA,1738509234
14,tiksi,71.6872,128.8694,-27.29,95,100,9.07,RU,1738509235
15,kantharalak,14.6406,104.6499,24.42,58,10,0.88,TH,1738509236
16,aasiaat,68.7098,-52.8699,-20.91,95,100,1.85,GL,1738509237
17,grytviken,-54.2811,-36.5092,6.21,86,77,2.52,GS,1738509239
18,labuan,5.2767,115.2417,26.72,88,95,1.34,MY,1738509240
19,olonkinbyen,70.9221,-8.7187,-0.83,93,100,7.03,SJ,1738509241
20,dudinka,69.4058,86.1778,-36.12,100,8,1.19,RU,1738509242
21,west island,-12.1568,96.8225,27.99,89,75,7.72,CC,1738509245
22,whitehorse,60.7161,-135.0538,-20.5,76,100,2.68,CA,1738509241
23,enewetak,11.3474,162.3373,27.34,74,95,9.4,MH,1738509247
24,chonchi,-42.6128,-73.8092,15.62,61,49,3.8,CL,1738509248
25,blackmans bay,-43.0167,147.3167,19.07,85,75,1.53,AU,1738509249
26,queenstown,-31.8976,26.8753,30.89,27,11,5.04,ZA,1738509250
27,port-aux-francais,-49.35,70.2167,5.25,98,100,16.65,TF,1738509251
28,constantia,44.1833,28.65,6.5,72,59,4.51,RO,1738509158
29,sitka,57.0531,-135.33,-2.06,46,20,7.2,US,1738509253
30,longyearbyen,78.2186,15.6401,3.91,60,40,6.17,SJ,1738508974
31,morondava,-20.2833,44.2833,29.02,78,100,4.44,MG,1738509256
32,santa ana,33.7456,-117.8678,13.36,88,20,0.0,US,1738509257
33,kralendijk,12.15,-68.2667,25.99,78,40,7.2,BQ,1738509258
34,ash shatrah,31.4117,46.1742,17.38,20,0,4.33,IQ,1738509198
35,ushuaia,-54.8,-68.3,7.1,98,100,2.52,AR,1738509026
36,invercargill,-46.4,168.35,8.36,86,86,2.84,NZ,1738509032
37,saint-philippe,-21.3585,55.7679,27.7,89,50,7.26,RE,1738509262
38,bethel,41.3712,-73.414,-6.55,55,0,2.06,US,1738509000
39,mount gambier,-37.8333,140.7667,18.63,83,46,1.91,AU,1738509265
40,avarua,-21.2078,-159.775,26.03,83,18,2.57,CK,1738509266
41,ritchie,-29.038,24.6028,36.72,12,30,4.29,ZA,1738509267
42,udachny,66.4167,112.4,-33.14,96,83,2.62,RU,1738509268
43,puerto natales,-51.7236,-72.4875,13.25,54,40,10.29,CL,1738509269
44,fauske,67.2588,15.3918,-7.56,81,3,5.33,NO,1738509270
45,faya-largeau,17.9257,19.1043,29.63,8,99,6.11,TD,1738509272
46,punta arenas,-53.15,-70.9167,13.06,54,75,9.26,CL,1738509111
47,urangan,-25.3,152.9,25.41,78,100,7.63,AU,1738509274
48,iqaluit,63.7506,-68.5145,-26.84,68,100,1.34,CA,1738509275
49,yulinshi,38.2906,109.7494,-5.1,45,100,2.54,CN,1738509276
50,kalix,65.853,23.1565,-11.19,89,21,4.58,SE,1738509277
51,nguigmi,14.2495,13.1092,28.47,13,2,2.14,NE,1738509278
52,christchurch,-43.5333,172.6333,14.97,88,69,3.09,NZ,1738509248
53,hanko,59.8333,22.95,-0.65,79,100,8.47,FI,1738509282
54,albany,42.6001,-73.9662,-12.98,70,91,0.45,US,1738509139
55,pueblorrico,5.7918,-75.841,20.08,77,87,1.24,CO,1738509284
56,parun,35.4207,70.9221,-13.59,89,41,5.18,AF,1738509285
57,ribeira grande,38.5167,-28.7,17.22,94,40,7.6,PT,1738509287
58,waitangi,-43.9535,-176.5597,13.39,66,38,7.33,NZ,1738509144
59,olyokminsk,60.3736,120.4264,-38.41,100,77,0.91,RU,1738509289
60,port mathurin,-19.6833,63.4167,27.06,86,100,6.5,MU,1738509290
61,talodi,10.6325,30.3797,35.96,13,8,2.96,SD,1738509291
62,moab,38.5733,-109.5498,1.03,39,100,1.76,US,1738509292
63,polyarnyy,69.1989,33.4478,-12.89,98,43,1.68,RU,1738509293
64,corner brook,48.9667,-57.9484,-10.95,87,100,6.85,CA,1738509294
65,jamestown,42.097,-79.2353,-4.99,60,0,5.66,US,1738509181
66,oranjestad,12.524,-70.027,26.02,78,98,9.35,AW,1738509297
67,bilibino,68.0546,166.4372,-30.46,98,100,1.12,RU,1738509298
68,arraial do cabo,-22.9661,-42.0278,33.92,46,20,7.2,BR,1738509109
69,margaret river,-33.95,115.0667,17.91,73,99,5.98,AU,1738509300
70,beyneu,45.3167,55.2,1.2,89,66,5.33,KZ,1738509301
71,la passe,45.5549,-0.8967,9.25,56,1,0.4,FR,1738509302
72,khash,28.2211,61.2158,9.03,19,3,4.02,IR,1738509303
73,kulhudhuffushi,6.6221,73.07,27.82,76,62,2.84,MV,1738509304
74,ilulissat,69.2167,-51.1,-14.99,78,75,2.06,GL,1738509306
75,anadyr,64.75,177.4833,-15.72,85,100,4.0,RU,1738509307
76,masindi,1.6744,31.715,28.27,30,97,1.02,UG,1738509308
77,talnakh,69.4865,88.3972,-29.27,91,11,1.87,RU,1738509309
78,pizarro,4.9533,-77.366,26.69,85,97,1.74,CO,1738509310
79,crane,31.3974,-102.3501,12.78,17,2,2.49,US,1738509311
80,cidade velha,14.9167,-23.6167,26.26,44,20,10.8,CV,1738509312
81,kristiansund,63.1115,7.732,3.4,60,0,2.57,NO,1738509313
82,that phanom,16.9364,104.7104,24.29,34,29,1.02,TH,1738509315
83,badger,64.8,-147.5333,-13.86,86,100,0.0,US,1738509316
84,kruisfontein,-34.0033,24.7314,21.98,64,65,8.32,ZA,1738509317
85,kutztown,40.5173,-75.7774,-4.56,64,100,1.79,US,1738509318
86,tangalle,6.024,80.7911,25.05,80,100,0.88,LK,1738509319
87,bowen,-20.0167,148.2333,24.58,88,100,9.41,AU,1738509321
88,nizhneangarsk,55.7833,109.55,-25.47,86,86,2.18,RU,1738509322
89,morococha,-11.5997,-76.1411,1.22,100,100,1.9,PE,1738509323
90,fort bragg,35.139,-79.006,9.26,57,75,4.12,US,1738509324
91,nar'yan-mar,67.6713,53.087,-27.16,95,8,4.4,RU,1738509325
92,kourou,5.1552,-52.6478,26.51,84,23,3.6,GF,1738509326
93,praia da vitoria,38.7333,-27.0667,16.19,84,89,8.38,PT,1738509328
94,vorgashor,67.5833,63.95,-28.51,94,5,3.07,RU,1738509329
95,coquimbo,-29.9533,-71.3436,18.85,77,75,5.66,CL,1738509200
96,tutoia,-2.7619,-42.2744,28.48,77,43,5.45,BR,1738509073
97,pemangkat,1.1667,108.9667,25.77,86,97,4.16,ID,1738509332
98,gafsa,34.425,8.7842,13.67,41,3,6.93,TN,1738509333
99,ust'-ilimsk,58.0006,102.6619,-31.63,100,36,0.44,RU,1738509334
100,shitanjing,39.2342,106.3439,-8.28,52,63,8.05,CN,1738509335
101,keelung,25.1283,121.7419,16.64,92,100,5.5,TW,1738509337
102,bandarbeyla,9.4942,50.8122,23.52,65,85,9.92,SO,1738509338
103,mumbwa,-14.9783,27.0619,24.53,84,61,0.55,ZM,1738509339
104,hamilton,39.1834,-84.5333,4.47,82,100,8.23,US,1738509340
105,palembang,-2.9167,104.7458,27.05,83,40,1.54,ID,1738509341
106,masvingo,-20.0637,30.8277,28.28,43,3,4.47,ZW,1738509342
107,puerto maldonado,-12.6,-69.1833,31.22,66,75,4.12,PE,1738509343
108,afaahiti,-17.75,-149.2833,25.96,76,89,5.09,PF,1738509344
109,vila franca do campo,37.7167,-25.4333,18.27,99,100,4.08,PT,1738509345
110,nova sintra,14.8667,-24.7167,22.6,65,12,8.35,CV,1738509347
111,yellowknife,62.456,-114.3525,-33.1,92,19,3.58,CA,1738509348
112,tarawa,1.419,172.984,27.05,83,20,4.63,KI,1738509349
113,nuuk,64.1835,-51.7216,-8.66,86,75,4.12,GL,1738509329
114,laguna,38.421,-121.4238,15.03,81,100,6.69,US,1738509351
115,katima mulilo,-17.5,24.2667,32.59,35,98,3.45,NA,1738509352
116,santa ana de yacuma,-13.75,-65.4333,31.02,65,36,4.82,BO,1738509354
117,phek,25.6667,94.5,8.16,76,71,0.46,IN,1738509355
118,sainte-sigolene,45.2333,4.25,6.49,63,3,2.65,FR,1738509356
119,petropavlovka,50.6114,105.3196,-23.86,93,10,1.74,RU,1738509357
120,al wafrah,28.6392,47.9306,15.98,21,0,3.7,KW,1738509358
121,axim,4.8699,-2.2405,29.15,67,39,3.06,GH,1738509359
122,gamay,12.3854,125.2979,23.53,95,88,1.3,PH,1738509360
123,mogocha,53.7333,119.7667,-19.34,77,100,4.76,RU,1738509361
124,ketchikan,55.3422,-131.6461,-6.01,30,0,6.17,US,1738509363
125,keflavik,64.0049,-22.5624,1.24,86,75,4.12,IS,1738509364
126,klyuchi,52.2667,79.1667,-17.36,100,87,2.35,RU,1738509365
127,ust-nera,64.5667,143.2,-41.31,100,91,0.73,RU,1738509366
128,petropavlovsk-kamchatsky,53.0452,158.6483,-11.67,52,0,4.0,RU,1738509367
129,zheshart,62.0731,49.5733,-14.04,91,100,4.97,RU,1738509368
130,padang,-0.9492,100.3543,28.03,89,89,2.28,ID,1738509369
131,jolo,6.05,121.0167,24.71,89,100,1.49,PH,1738509218
132,iskateley,67.6803,53.1512,-27.2,95,8,4.36,RU,1738509371
133,yemva,62.59,50.8594,-17.69,94,96,3.99,RU,1738509373
134,hermanus,-34.4187,19.2345,22.67,62,0,7.2,ZA,1738509374
135,iquitos,-3.7481,-73.2472,27.02,78,75,4.63,PE,1738509375
136,turkmenbasy,40.0222,52.9552,7.57,74,2,1.06,TM,1738509376
137,devils lake,48.1128,-98.8651,-15.01,80,0,9.77,US,1738509377
138,chibougamau,49.9168,-74.3659,-20.48,94,100,2.87,CA,1738509349
139,atafu village,-8.5421,-172.5159,27.87,72,2,5.67,TK,1738509379
140,saldanha,-33.0117,17.9442,19.82,66,0,6.72,ZA,1738509380
141,verkhnevilyuysk,63.4453,120.3167,-36.63,98,84,2.39,RU,1738509381
142,yuzhno-kurilsk,44.0306,145.8556,-6.75,82,49,0.79,RU,1738509383
143,constitucion,-35.3333,-72.4167,20.9,44,100,5.53,CL,1738509384
144,flying fish cove,-10.4217,105.6791,25.82,94,100,6.17,CX,1738509385
145,gangolli,13.65,74.6667,25.12,73,79,2.6,IN,1738509386
146,isafjordur,66.0755,-23.124,3.02,52,40,4.12,IS,1738509387
147,stanley,54.868,-1.6985,7.01,76,40,2.06,GB,1738509388
148,summerside,46.3959,-63.7876,-13.93,56,4,5.14,CA,1738509389
149,minas de marcona,-15.2119,-75.1103,22.34,63,48,3.55,PE,1738509391
150,monrovia,6.3005,-10.7969,29.26,65,77,5.5,LR,1738509392
151,lobito,-12.3481,13.5456,27.05,76,76,4.19,AO,1738509393
152,kapa'a,22.0752,-159.319,18.18,92,100,3.6,US,1738509394
153,maine soroa,13.2114,12.0241,32.28,11,1,2.41,NE,1738509395
154,manay,7.215,126.5397,23.43,85,100,2.53,PH,1738509396
155,kingston,17.997,-76.7936,31.76,57,19,0.1,JM,1738509255
156,laojunmiao,39.8333,97.7333,-9.64,59,3,1.04,CN,1738509398
157,tura,25.5198,90.2201,16.4,48,75,1.91,IN,1738509401
158,shashemene,7.2,38.6,23.63,30,91,3.78,ET,1738509402
159,kodiak,57.79,-152.4072,1.73,75,0,6.69,US,1738509403
160,mbanza kongo,-6.267,14.2401,27.23,71,99,1.77,AO,1738509404
161,gereida,11.2811,25.1414,33.51,9,13,5.73,SD,1738509405
162,chyorny yar,48.0624,46.1091,3.9,78,100,3.44,RU,1738509406
163,oriximina,-1.7656,-55.8661,30.87,53,98,1.05,BR,1738509408
164,ghat,24.9647,10.1728,19.32,17,100,3.72,LY,1738509409
165,yigo village,13.5361,144.8886,26.16,77,40,7.72,GU,1738509410
166,yuktae-dong,40.0247,128.1597,-2.12,83,29,2.2,KP,1738509411
167,lerwick,60.1545,-1.1494,7.64,95,100,8.15,GB,1738509412
168,korla,41.7597,86.1469,-7.62,82,4,1.76,CN,1738509413
169,isangel,-19.55,169.2667,25.66,87,100,7.02,VU,1738509415
170,bardai,11.65,7.2333,33.43,10,5,3.54,NG,1738509416
171,prado,-17.3411,-39.2208,29.11,63,21,6.03,BR,1738509224
172,hobyo,5.3505,48.5268,24.33,73,29,10.31,SO,1738509418
173,sovetskiy,61.3614,63.5842,-14.76,96,99,3.0,RU,1738509419
174,sinabang,2.4803,96.3801,26.47,82,88,1.57,ID,1738509420
175,haiku-pauwela,20.9219,-156.3051,21.22,71,0,4.02,US,1738509421
176,pike road,32.2843,-86.103,10.93,37,0,1.18,US,1738509422
177,al jawf,29.5,38.75,14.62,28,83,2.01,SA,1738509423
178,dubbo,-32.25,148.6167,22.07,68,0,6.69,AU,1738509425
179,akureyri,65.6835,-18.0878,2.96,60,20,2.06,IS,1738509426
180,el nido,11.1858,119.3956,25.08,92,53,3.5,PH,1738509203
181,machico,32.7,-16.7667,20.95,60,20,4.12,PT,1738509429
182,mukalla,14.5425,49.1242,22.31,64,2,1.97,YE,1738509430
183,necochea,-38.5473,-58.7368,35.05,23,1,7.13,AR,1738509431
184,port elizabeth,-33.918,25.5701,23.51,80,11,3.13,ZA,1738509432
185,assab,13.0092,42.7394,25.73,69,65,9.63,ER,1738509433
186,bikaner,28.0167,73.3,17.58,21,0,3.87,IN,1738509271
187,carutapera,-1.195,-46.02,25.95,89,99,0.23,BR,1738509436
188,rio grande,-32.035,-52.0986,27.24,67,0,3.77,BR,1738509437
189,trairi,-3.2778,-39.2689,27.66,80,74,5.11,BR,1738509265
190,tionk essil,12.7856,-16.5217,33.16,7,0,6.48,SN,1738509439
191,sault ste. marie,46.5168,-84.3333,-7.84,86,100,4.63,CA,1738509228
192,happy valley-goose bay,53.3168,-60.3315,-19.88,62,7,6.33,CA,1738509310
193,hadibu,12.65,54.0333,22.34,60,94,6.21,YE,1738509442
194,the pas,53.8251,-101.2541,-17.99,85,100,5.66,CA,1738509445
195,vanimo,-2.6741,141.3028,25.15,93,100,2.76,PG,1738509446
196,itamaraca,-7.7478,-34.8256,29.73,60,0,3.97,BR,1738509447
197,ovalle,-30.5983,-71.2003,24.82,53,3,2.78,CL,1738509369
198,nizhniy kuranakh,58.8353,125.4869,-29.51,100,100,1.14,RU,1738509449
199,castillos,-34.1667,-53.8333,30.05,42,0,3.03,UY,1738509450
200,slidell,30.2752,-89.7812,15.01,80,0,0.45,US,1738509451
201,lohne,52.6667,8.2333,2.15,86,96,1.81,DE,1738509453
202,hithadhoo,-0.6,73.0833,27.6,75,33,2.85,MV,1738509454
203,wailua homesteads,22.0669,-159.378,17.44,92,100,3.6,US,1738509456
204,pacific grove,36.6177,-121.9166,14.25,93,96,5.36,US,1738509457
205,medina,24.4686,39.6142,23.24,18,0,4.12,SA,1738509458
206,santa cruz,-17.8,-63.1667,31.7,66,40,7.72,BO,1738509306
207,thompson,55.7435,-97.8558,-19.91,84,100,4.12,CA,1738509360
208,alaghsas,17.0187,8.0168,28.94,10,100,4.12,NE,1738509461
209,qaqortoq,60.7167,-46.0333,-14.25,86,60,1.85,GL,1738509463
210,malango,-2.9627,119.9001,19.51,94,96,1.63,ID,1738509464
211,dhuusamarreeb,5.535,46.3861,30.93,22,66,5.51,SO,1738509465
212,island harbour,50.724,-1.2758,8.04,76,2,4.47,GB,1738509466
213,port lincoln,-34.7333,135.8667,21.93,70,0,3.54,AU,1738509467
214,bam,29.106,58.357,9.77,22,88,3.39,IR,1738509468
215,malvan,16.0667,73.4667,25.95,65,100,5.74,IN,1738509228
216,susuman,62.7833,148.1667,-41.92,100,99,0.28,RU,1738509471
217,orenburg,51.7727,55.0988,-0.99,94,99,2.94,RU,1738509472
218,usinsk,65.9939,57.5281,-19.66,83,2,6.63,RU,1738509473
219,moses lake,47.1301,-119.2781,-5.62,100,20,3.09,US,1738509474
220,la leonesa,-27.0379,-58.7035,37.02,24,0,1.93,AR,1738509476
221,cudalbi,45.7833,27.7,6.28,55,100,3.41,RO,1738509478
222,mariehamn,60.0973,19.9348,-1.08,80,100,3.6,AX,1738509209
223,albardon,-31.4372,-68.5256,35.17,26,5,4.0,AR,1738509481
224,katsuura,35.1333,140.3,8.73,73,100,8.24,JP,1738509482
225,myitkyina,25.3833,97.4,17.02,51,82,1.89,MM,1738509483
226,maunabo,18.0072,-65.8993,28.29,74,28,6.82,PR,1738509485
227,midoun,33.8081,10.9923,16.92,52,7,2.35,TN,1738509486
228,sokhumi,43.0033,41.0153,8.4,84,54,0.86,GE,1738509487
229,homer,59.6425,-151.5483,-8.07,79,0,1.54,US,1738509488
230,rafraf,37.1904,10.1837,13.49,69,17,9.47,TN,1738509489
231,inebolu,41.9747,33.7608,7.74,91,99,1.41,TR,1738509490
232,greenland,43.0362,-70.8328,-9.06,72,78,0.45,US,1738509491
233,forster,-32.1667,152.5167,23.17,79,99,2.99,AU,1738509492
234,puerto aysen,-45.4,-72.7,9.0,98,100,2.47,CL,1738509398
235,saint-francois,46.4154,3.9054,6.69,70,0,3.09,FR,1738509495
236,fortuna,40.5982,-124.1573,7.97,97,75,1.54,US,1738509496
237,port saint john's,-31.6229,29.5448,25.96,85,63,3.23,ZA,1738509497
238,walvis bay,-22.9575,14.5053,21.57,64,17,8.9,NA,1738509498
239,tocoa,15.6833,-86.0,25.79,67,100,0.29,HN,1738509443
240,shagonar,51.5333,92.8,-17.46,96,100,0.41,RU,1738509500
241,prince rupert,54.3161,-130.3201,-11.96,56,0,3.88,CA,1738509364
242,dawson creek,55.7666,-120.2362,-28.2,69,75,3.6,CA,1738509502
243,guerrero negro,27.9769,-114.0611,13.07,89,5,1.48,MX,1738509504
244,hawaiian paradise park,19.5933,-154.9731,20.73,96,20,3.09,US,1738509505
245,junction city,39.0286,-96.8314,-0.11,93,0,2.57,US,1738509376
246,okhotsk,59.3833,143.3,-22.58,85,95,3.06,RU,1738509507
247,raduzhny,62.0961,77.475,-19.77,100,90,2.47,RU,1738509508
248,princeville,45.7668,-61.2985,-10.38,84,100,6.17,CA,1738509509
249,la'ie,21.6477,-157.9253,18.66,68,0,4.51,US,1738509510
250,nyagan,62.1406,65.3936,-16.56,96,100,2.86,RU,1738509496
251,buba,11.5833,-15.0,36.49,7,0,4.14,GW,1738509512
252,remire-montjoly,4.9167,-52.2667,29.02,79,75,6.69,GF,1738509460
253,sihanoukville,10.6093,103.5296,25.97,83,20,1.03,KH,1738509516
254,nagqu,31.5,92.0,-1.88,7,0,8.95,CN,1738509517
255,szecseny,48.0806,19.5202,2.27,88,100,0.47,HU,1738509518
256,vera,-29.4593,-60.2126,35.67,19,0,4.54,AR,1738509486
257,igarka,67.4667,86.5833,-30.56,94,14,1.49,RU,1738509520
258,san patricio,28.017,-97.5169,14.97,74,0,3.35,US,1738509521
259,nirsa,23.7833,86.7167,22.59,35,3,3.06,IN,1738509523
260,luderitz,-26.6481,15.1594,24.72,50,11,15.01,NA,1738509524
261,miranda,3.2499,-76.2281,24.43,75,100,2.23,CO,1738509525
262,bengkulu,-3.8004,102.2655,26.04,89,100,3.25,ID,1738509277
263,lavrio,37.7145,24.0565,15.53,69,1,0.95,GR,1738509527
264,shenjiamen,29.9576,122.298,6.75,79,96,5.99,CN,1738509528
265,vilyuchinsk,52.9306,158.4028,-10.85,80,2,4.06,RU,1738509529
266,villa union,23.2,-106.2333,14.95,76,0,0.0,MX,1738509530
267,soio,-6.1349,12.3689,28.57,71,86,4.62,AO,1738509531
268,kiunga,-6.1219,141.2906,23.86,99,100,1.91,PG,1738509533
269,luwuk,-0.9516,122.7875,23.04,78,100,1.91,ID,1738509478
270,otsuki,35.6,138.9333,1.0,98,96,1.3,JP,1738509535
271,murun-kuren,49.6342,100.1625,-23.34,93,14,0.39,MN,1738509536
272,utrik,11.2278,169.8474,26.47,76,71,10.6,MH,1738509537
273,ciudad lazaro cardenas,17.9583,-102.2,25.16,49,23,0.85,MX,1738509435
274,carinhanha,-14.3047,-43.765,29.68,50,100,2.88,BR,1738509539
275,portmore,17.9702,-76.8672,30.54,58,20,3.09,JM,1738509540
276,sao joao da barra,-21.6403,-41.0511,33.05,79,100,5.88,BR,1738509542
277,nemuro,43.3236,145.575,-2.42,65,4,0.63,JP,1738509543
278,lihue,21.9789,-159.3672,17.77,77,100,3.6,US,1738509476
279,abu jibeha,11.4562,31.2285,33.34,16,5,4.65,SD,1738509402
280,nouadhibou,20.931,-17.0347,24.99,18,0,6.17,MR,1738509546
281,kuqa,41.7278,82.9364,-8.97,80,1,1.77,CN,1738509547
282,taulaga,-11.0553,-171.0883,27.75,76,40,4.68,AS,1738509548
283,rauma,61.1272,21.5113,-2.56,80,94,6.09,FI,1738509549
284,east london,-33.0153,27.9116,23.13,82,97,7.14,ZA,1738509302
285,bac lieu,9.285,105.7244,24.01,83,67,2.03,VN,1738509552
286,aleksandrov gay,50.147,48.5704,1.83,70,100,4.62,RU,1738509553
287,fallon,39.4735,-118.7774,13.93,24,0,8.75,US,1738509554
288,tubarjal,30.4999,38.216,15.37,28,100,2.77,SA,1738509555
289,dryden,49.7833,-92.7503,-6.84,93,100,4.12,CA,1738509556
290,burang,30.25,81.1667,-16.34,37,0,1.65,CN,1738509557
291,mejit,10.2753,170.8646,26.28,73,42,10.62,MH,1738509559
292,nantai,40.9241,122.8044,-16.6,93,4,0.85,CN,1738509560
293,magadan,59.5667,150.8,-26.12,77,2,2.64,RU,1738509558
294,kapuskasing,49.4169,-82.4331,-13.95,78,100,6.17,CA,1738509422
295,mili,6.0815,171.735,27.05,81,96,9.91,MH,1738509563
296,cooper's town,26.8667,-77.5167,22.98,85,14,4.87,BS,1738509564
297,dunlap,41.6378,-85.9217,-0.1,94,100,3.6,US,1738509566
298,kuanda,56.3161,116.0806,-28.49,95,100,0.33,RU,1738509568
299,uturoa,-16.7333,-151.4333,27.37,76,17,4.85,PF,1738509569
300,puerto baquerizo moreno,-0.9,-89.6,28.55,70,20,4.12,EC,1738509432
301,hotan,37.0997,79.9269,-1.54,39,0,1.54,CN,1738509571
302,vigan,17.5747,120.3869,25.04,86,6,2.36,PH,1738509573
303,claremont,34.0967,-117.7198,12.75,76,0,2.06,US,1738509574
304,alice springs,-23.7,133.8833,30.75,30,46,6.69,AU,1738509575
305,namie,37.4833,141.0,1.65,72,39,2.51,JP,1738509576
306,namalenga,-10.95,39.1,27.92,73,96,1.85,TZ,1738509578
307,saint croix,17.7397,-64.7388,29.25,89,75,11.32,VI,1738509579
308,florida,28.7505,-82.5001,20.56,68,30,2.8,US,1738509580
309,bamboo flat,11.7,92.7167,26.05,78,6,1.03,IN,1738509581
310,tejen,37.3834,60.5054,7.42,41,19,3.43,TM,1738509582
311,trat,12.5,102.5,22.23,85,1,0.73,TH,1738509583
312,rongelap,11.1635,166.8941,26.62,75,42,10.83,MH,1738509584
313,usogorsk,63.4106,48.6872,-18.99,94,68,4.36,RU,1738509585
314,zyrya,40.3661,50.2917,8.05,78,38,4.01,AZ,1738509586
315,aden,12.7794,45.0367,24.46,69,94,4.98,YE,1738509588
316,pandua,23.0833,88.2833,23.03,36,5,0.93,IN,1738509589
317,beeskow,52.1667,14.25,4.64,78,100,1.55,DE,1738509591
318,erdenet,49.0333,104.0833,-25.13,97,5,1.75,MN,1738509592
319,kudahuvadhoo,2.6708,72.8944,27.93,73,71,4.2,MV,1738509593
320,tefe,-3.3542,-64.7114,27.06,94,20,4.63,BR,1738509594
321,mil'kovo,55.6078,37.7956,1.3,67,86,3.19,RU,1738509597
322,huicungo,-7.2833,-76.8,24.74,90,99,0.55,PE,1738509598
323,puyang,29.4603,119.8861,5.8,93,100,1.41,CN,1738509599
324,flin flon,54.7682,-101.865,-19.09,78,100,4.63,CA,1738509600
325,jabat,7.75,168.9751,26.93,81,67,11.0,MH,1738509601
326,traverse city,44.7631,-85.6206,-3.96,79,100,3.09,US,1738509600
327,sefwi wiawso,6.2044,-2.4886,33.11,40,81,2.59,GH,1738509603
328,arteche,12.2645,125.4048,24.62,91,92,1.68,PH,1738509605
329,ilha de mocambique,-15.0342,40.7358,28.3,77,100,3.13,MZ,1738509365
330,jaciara,-15.9653,-54.9683,28.39,66,84,3.26,BR,1738509607
331,yeed,4.55,43.0333,32.91,21,83,6.89,SO,1738509608
332,palmas,-10.2128,-48.3603,25.93,83,40,2.57,BR,1738509609
333,betio village,1.358,172.9211,27.02,81,78,8.01,KI,1738509610
334,adiyaman,37.75,38.25,12.99,26,0,2.06,TR,1738509611
335,kas,36.2018,29.6377,14.95,74,11,1.16,TR,1738509324
336,tucuma,-0.1833,-50.05,24.79,88,100,1.46,BR,1738509613
337,roccella ionica,38.322,16.4009,15.23,85,38,3.97,IT,1738509615
338,lompoc,34.6391,-120.4579,12.18,86,100,1.54,US,1738509363
339,turinsk,58.0458,63.696,-0.37,96,100,3.2,RU,1738509545
340,murrells inlet,33.551,-79.0414,11.68,70,100,3.6,US,1738509618
341,azangaro,-14.9167,-70.2167,13.47,47,76,1.14,PE,1738509619
342,caleta de carquin,-11.0925,-77.6267,22.89,78,100,1.93,PE,1738509620
343,wanning,18.8003,110.3967,19.84,91,5,1.33,CN,1738509615
344,ouadda,8.0777,22.4007,36.68,11,97,3.23,CF,1738509622
345,bodaybo,57.8506,114.1933,-25.07,99,100,0.43,RU,1738509624
346,sosnovo-ozerskoye,52.5249,111.5418,-32.66,99,46,1.42,RU,1738509625
347,ormara,25.2088,64.6357,21.46,45,0,2.71,PK,1738509594
348,palmer,42.1584,-72.3287,-7.31,61,59,1.25,US,1738509627
349,merizo village,13.2658,144.6691,26.66,82,100,7.65,GU,1738509628
350,marsh harbour,26.5412,-77.0636,23.53,77,2,5.16,BS,1738509629
351,washim,20.1,77.15,26.02,32,42,2.49,IN,1738509630
352,jaipur,26.9167,75.8167,19.62,37,20,4.12,IN,1738509631
353,porangatu,-13.4408,-49.1486,22.68,94,100,2.76,BR,1738509633
354,pacasmayo,-7.4006,-79.5714,23.92,68,66,3.8,PE,1738509634
355,winnemucca,40.973,-117.7357,12.03,40,75,9.26,US,1738509635
356,college,64.8569,-147.8028,-13.85,81,100,0.0,US,1738509636
357,pisco,-13.7,-76.2167,24.03,78,0,1.54,PE,1738509637
358,motygino,58.1831,94.7592,-27.24,98,96,1.86,RU,1738509638
359,bathsheba,13.2167,-59.5167,30.34,66,40,9.77,BB,1738509639
360,taupo,-38.6833,176.0833,11.43,88,1,1.82,NZ,1738509640
361,antipino,57.1068,65.7576,-0.84,93,100,3.18,RU,1738509641
362,urucara,-2.5364,-57.76,28.06,60,100,2.27,BR,1738509643
363,pumiao,22.75,108.4833,13.16,68,100,3.04,CN,1738509644
364,gaya,24.7833,85.0,16.95,67,0,0.0,IN,1738509645
365,simanggang,1.2472,111.4528,25.99,94,100,0.0,MY,1738509646
366,la foa,-21.7108,165.8276,23.16,83,100,0.49,NC,1738509647
367,kish,26.5578,54.0194,19.82,47,0,11.52,IR,1738509385
368,chom thong,18.4174,98.6743,22.83,32,36,1.95,TH,1738509649
369,kuching,1.55,110.3333,26.12,96,20,1.54,MY,1738509454
370,molalla,45.1473,-122.577,2.86,87,75,2.06,US,1738509653
371,saipan,15.1355,145.701,27.39,78,20,3.6,MP,1738509654
372,ouallam,14.3188,2.0866,32.46,9,98,1.91,NE,1738509655
373,yamada,39.4667,141.95,-1.75,77,78,1.34,JP,1738509656
374,victoria falls,-17.9235,25.843,33.48,29,76,3.9,ZW,1738509657
375,trosa,58.8962,17.5481,-0.97,81,34,4.54,SE,1738509658
376,el calafate,-50.3408,-72.2768,10.91,54,49,6.22,AR,1738509534
377,kut chap,17.4257,102.5669,21.88,31,69,2.6,TH,1738509660
378,tralee,52.2704,-9.7026,10.14,62,0,3.6,IE,1738509428
379,greater sudbury,46.49,-80.99,-12.75,90,100,3.13,CA,1738509455
380,ola,59.5833,151.2833,-26.75,83,12,3.0,RU,1738509664
381,kolonia town,6.964,158.206,27.75,76,56,9.6,FM,1738509665
382,kingscliff,-28.2667,153.5667,24.89,83,75,7.2,AU,1738509666
383,weno,7.4515,151.8468,28.97,84,100,2.06,FM,1738509668
384,sabang,5.8933,95.3214,27.83,69,56,7.93,ID,1738509669
385,batangafo,7.3008,18.2833,38.48,10,89,2.2,CF,1738509670
386,newport,51.5877,-2.9984,8.58,81,100,3.84,GB,1738509664
387,umm kaddadah,13.6017,26.6876,29.33,9,19,6.85,SD,1738509673
388,filadelfia,39.9523,-75.1638,-1.67,61,75,4.12,US,1738509380
389,el granada,37.5027,-122.4694,15.19,91,100,6.17,US,1738509675
390,holualoa,19.6228,-155.9522,19.93,77,0,3.09,US,1738509676
391,manukan,8.5333,123.1,25.41,84,100,1.19,PH,1738509677
392,damghan,36.1683,54.348,6.39,31,5,2.0,IR,1738509678
393,alotau,-10.3069,150.4462,25.58,92,100,1.74,PG,1738509680
394,cole harbour,44.6724,-63.4751,-8.93,70,8,7.72,CA,1738509681
395,swakopmund,-22.6833,14.5333,19.55,76,49,7.25,NA,1738509682
396,hope,33.6671,-93.5916,10.91,75,25,3.51,US,1738509683
397,burao,9.5221,45.5336,21.0,49,63,6.77,SO,1738509684
398,bayramaly,37.6185,62.1671,5.86,43,1,3.01,TM,1738509685
399,conception bay south,47.4999,-52.9981,-7.2,72,66,9.34,CA,1738509687
400,tolanaro,-25.0319,46.9987,27.04,69,40,5.14,MG,1738509688
401,canico,32.6333,-16.85,21.51,60,20,4.12,PT,1738509689
402,villazon,-22.0866,-65.5942,16.11,43,0,0.41,BO,1738509690
403,mugia,43.1041,-9.2179,11.62,56,73,8.3,ES,1738509691
404,garachico,28.7781,-17.7646,19.16,64,20,4.63,ES,1738509692
405,lucas,41.6501,-83.6666,-1.62,74,100,2.57,US,1738509693
406,mchinji,-13.7984,32.8802,22.36,92,100,2.17,MW,1738509695
407,rawson,-43.3002,-65.1023,23.16,21,0,8.23,AR,1738509696
408,cabo san lucas,22.8909,-109.9124,14.17,38,0,2.06,MX,1738509545
409,egletons,45.4034,2.0507,10.26,49,1,0.26,FR,1738509698
410,vila velha,-20.3297,-40.2925,32.97,49,40,7.2,BR,1738509434
411,pasvalys,56.0594,24.4036,0.48,77,100,5.73,LT,1738509700
412,leava,-14.3,-178.1667,27.96,79,95,4.66,WF,1738509701
413,st. john's,47.5649,-52.7093,-7.07,73,89,7.15,CA,1738509541
414,gryazovets,58.88,40.2525,-0.56,85,100,2.51,RU,1738509703
415,puerto lempira,15.2667,-83.7667,29.08,74,40,5.14,HN,1738509705
416,kitgum,3.2783,32.8867,34.2,17,81,3.27,UG,1738509706
417,curuzu cuatia,-29.7917,-58.0546,35.73,17,0,4.05,AR,1738509686
418,amga,60.8953,131.9608,-41.19,100,88,1.21,RU,1738509708
419,tazacorte,28.629,-17.9293,20.64,70,20,4.63,ES,1738509709
420,klyavlino,54.2649,52.0267,-3.07,91,100,5.68,RU,1738509710
421,sechura,-5.5569,-80.8222,26.21,56,56,3.13,PE,1738509711
422,kzyltu,53.6364,72.3414,-0.64,93,100,3.17,KZ,1738509613
423,gillette,44.2911,-105.5022,-2.16,92,100,3.13,US,1738509645
424,richards bay,-28.783,32.0377,30.57,69,6,7.18,ZA,1738509707
425,howrah,22.5892,88.3103,23.0,88,20,0.0,IN,1738509717
426,taro,-8.3862,115.28,21.53,96,100,1.51,ID,1738509718
427,fale old settlement,-9.3852,-171.2468,28.06,73,8,5.08,TK,1738509719
428,genhe,50.7833,121.5167,-29.95,100,100,0.65,CN,1738509720
429,karratha,-20.7377,116.8463,31.46,67,79,5.12,AU,1738509721
430,kenora,49.8167,-94.4337,-5.46,93,75,5.14,CA,1738509723
431,gargalianoi,37.0667,21.6333,13.38,76,32,5.62,GR,1738509724
432,egilsstadir,65.2653,-14.3948,2.95,70,20,4.12,IS,1738509502
433,saint-joseph,-21.3667,55.6167,28.21,85,39,6.29,RE,1738509726
434,nova vicosa,-17.8919,-39.3719,31.52,54,7,6.71,BR,1738509494
435,namibe,-15.1961,12.1522,25.06,70,40,4.86,AO,1738509728
436,churapcha,62.0025,132.4325,-44.64,100,100,1.62,RU,1738509729
437,belaya kalitva,48.17,40.78,3.47,69,94,3.17,RU,1738509730
438,kabwe,-14.4469,28.4464,23.0,88,96,2.56,ZM,1738509547
439,tan-tan,28.438,-11.1032,18.97,63,20,12.35,MA,1738509733
440,qamdo,31.1667,97.2333,-0.26,28,0,0.95,CN,1738509734
441,ibarreta,-25.2144,-59.8585,38.21,24,0,1.13,AR,1738509735
442,buncrana,55.1333,-7.45,9.87,78,68,3.31,IE,1738509736
443,ust-tsilma,65.441,52.1498,-23.42,96,3,2.5,RU,1738509737
444,souillac,-20.5167,57.5167,28.21,83,75,7.2,MU,1738509738
445,letlhakeng,-24.0944,25.0298,29.84,42,100,3.22,BW,1738509740
446,kununurra,-15.7667,128.7333,24.99,88,76,4.63,AU,1738509554
447,kailua-kona,19.6406,-155.9956,22.0,79,0,3.09,US,1738509742
448,khiri mat,16.8333,99.8,27.06,32,56,1.7,TH,1738509743
449,chimore,-16.9833,-65.1333,32.57,55,0,1.67,BO,1738509745
450,berdigestyakh,62.0989,126.6992,-37.87,98,84,2.87,RU,1738509746
451,sandnessjoen,66.0217,12.6316,1.06,51,0,4.12,NO,1738509749
452,coronel suarez,-37.4547,-61.9334,35.12,20,3,7.81,AR,1738509750
453,mayabon,9.0961,123.1738,26.99,87,98,3.72,PH,1738509751
454,kelo,9.3086,15.8066,36.52,9,96,2.92,TD,1738509753
455,pestravka,52.405,49.9583,-0.85,91,100,5.61,RU,1738509754
456,gaillimh,53.2719,-9.0489,8.21,62,65,4.37,IE,1738509755
457,santana,-0.0583,-51.1817,29.1,74,75,4.12,BR,1738509756
458,dampit,-8.2116,112.7493,22.99,93,100,1.44,ID,1738509757
459,las tablas,7.7667,-80.2833,30.1,99,66,7.41,PA,1738509758
460,kroya,-7.6331,109.2461,26.06,84,100,1.54,ID,1738509759
461,port alfred,-33.5906,26.891,23.99,80,80,2.24,ZA,1738509760
462,tobati,-25.25,-57.0667,38.15,21,0,2.35,PY,1738509761
463,kolonia,50.9333,6.95,6.13,71,0,2.57,DE,1738509764
464,kayangel,8.0823,134.7173,28.37,78,97,8.25,PW,1738509765
465,karymskoye,51.6167,114.35,-29.12,99,40,1.21,RU,1738509766
466,lorengau,-2.0226,147.2712,27.14,83,91,2.71,PG,1738509767
467,ilomantsi,62.6716,30.9328,-7.97,88,100,6.12,FI,1738509768
468,poso,-1.3959,120.7524,24.84,86,100,1.82,ID,1738509769
469,lepsy,46.235,78.9456,-11.4,91,7,2.61,KZ,1738509770
470,papao,-17.75,-149.55,25.82,75,41,4.42,PF,1738509771
471,severo-yeniseyskiy,60.3725,93.0408,-33.5,100,66,1.57,RU,1738509773
472,ayancik,41.9447,34.5861,8.57,87,97,0.74,TR,1738509774
473,awjilah,29.1081,21.2869,21.33,29,100,4.03,LY,1738509775
474,songea,-10.6833,35.65,24.58,79,100,0.92,TZ,1738509776
475,hawkinsville,32.2838,-83.4721,13.99,59,0,2.21,US,1738509778
476,kurumkan,54.3,110.3,-27.99,90,35,1.89,RU,1738509779
477,at-bashi,41.1702,75.8106,-17.28,59,0,1.89,KG,1738509780
478,gadzhiyevo,69.2551,33.3362,-12.52,99,50,1.78,RU,1738509782
479,tidjikja,18.5564,-11.4271,24.15,7,0,9.7,MR,1738509614
480,kalmunai,7.4167,81.8167,25.17,84,78,4.35,LK,1738509534
481,mabaruma,8.2,-59.7833,27.84,68,48,2.86,GY,1738509785
482,mahina,-17.5065,-149.489,25.87,78,98,1.03,PF,1738509786
483,oranjemund,-28.55,16.4333,20.97,64,0,11.24,NA,1738509787
484,novodvinsk,64.4165,40.8122,-14.14,88,100,4.98,RU,1738509788
485,port augusta,-32.5,137.7667,28.05,36,10,1.45,AU,1738509789
486,klaksvik,62.2266,-6.589,6.28,70,67,8.45,FO,1738509791
487,manavalakurichi,8.1333,77.3,26.1,81,33,2.47,IN,1738509792
488,concepcion del bermejo,-26.5993,-60.9462,36.31,23,0,1.63,AR,1738509793
489,thabazimbi,-24.5917,27.4116,28.96,51,97,2.65,ZA,1738509794
490,manicore,-5.8092,-61.3003,25.29,96,99,1.14,BR,1738509795
491,porto novo,6.4965,2.6036,29.9,52,59,5.23,BJ,1738509797
492,bondoukou,8.0333,-2.8,35.97,12,85,2.75,CI,1738509799
493,remontnoye,46.5614,43.6501,5.61,76,100,2.47,RU,1738509800
494,kill devil hills,36.0307,-75.676,8.32,70,100,6.69,US,1738509780
495,thisted,56.9552,8.6949,4.99,83,96,3.66,DK,1738509802
496,copala,16.65,-98.9833,26.38,55,0,1.15,MX,1738509803
497,brookings,44.3114,-96.7984,0.06,93,20,2.06,US,1738509556
498,gusau,12.1628,6.6614,34.43,10,31,1.78,NG,1738509805
499,tinogasta,-28.0632,-67.5649,31.33,32,0,2.5,AR,1738509806
500,oyama,36.3,139.8,4.05,77,89,2.07,JP,1738509809
501,vancleave,30.5405,-88.6875,13.89,85,0,0.0,US,1738509810
502,hohenau,-27.0833,-55.75,31.38,27,0,1.78,PY,1738509811
503,torreon,25.55,-103.4333,9.97,37,0,0.0,MX,1738509556
504,togur,58.3631,82.8265,-14.8,96,99,2.56,RU,1738509813
505,zhangye,38.9342,100.4517,-8.67,65,49,3.26,CN,1738509603
506,las varillas,-31.8721,-62.7195,36.34,15,0,5.68,AR,1738509816
507,inarajan village,13.2736,144.7484,26.89,82,100,7.74,GU,1738509817
508,ak'ordat,15.5486,37.8867,31.37,24,3,6.11,ER,1738509818
509,kirakira,-10.4544,161.9205,27.91,77,100,5.34,SB,1738509819
510,khark,29.2614,50.3306,18.01,45,0,3.09,IR,1738509820
511,charters towers,-20.1,146.2667,20.47,92,100,11.17,AU,1738509821
512,san antonio de pale,-1.4014,5.6325,27.57,74,58,4.27,GQ,1738509822
513,saudarkrokur,65.7461,-19.6394,-1.15,78,100,4.9,IS,1738509823
514,inari,68.906,27.0288,-19.76,100,80,0.63,FI,1738509825
515,lat yao,15.751,99.7893,29.24,31,7,1.36,TH,1738509826
516,san luis,-33.295,-66.3356,34.23,22,1,4.54,AR,1738509827
517,santo antonio do ica,-3.1022,-67.9397,27.5,87,92,1.04,BR,1738509828
518,vadso,70.0744,29.7487,-2.91,63,100,6.17,NO,1738509829
519,hafar al-batin,28.4328,45.9708,16.32,18,0,2.57,SA,1738509831
520,gornozavodsk,58.3758,58.3211,-0.86,98,100,2.4,RU,1738509832
521,vievis,54.7667,24.8,-0.35,83,100,4.01,LT,1738509834
522,pariaman,-0.619,100.12,27.03,84,100,2.0,ID,1738509835
523,kota kinabalu,5.9749,116.0724,27.99,89,20,0.0,MY,1738509687
524,geraldton,-28.7667,114.6,23.23,83,0,7.72,AU,1738509837
525,cannonvale,-20.2833,148.7,26.66,88,100,7.99,AU,1738509838
526,khandyga,62.6667,135.6,-37.68,100,100,0.39,RU,1738509839
527,mareeba,-17.0,145.4333,23.57,99,100,1.98,AU,1738509840
528,pangoa,-12.1167,-73.0,27.15,65,99,0.59,PE,1738509841
529,grand falls-windsor,48.9332,-55.6649,-9.72,63,77,3.13,CA,1738509691
530,shalqar,47.8333,59.6,-7.83,97,86,2.6,KZ,1738509844
531,nicoya,10.1483,-85.452,28.36,54,4,6.72,CR,1738509845
532,willmar,45.1219,-95.0433,-2.03,100,100,7.72,US,1738509846
533,kerikeri,-35.2268,173.9474,15.09,97,21,1.64,NZ,1738509847
534,sokoni,-6.4333,39.55,27.37,76,77,7.8,TZ,1738509848
535,fougamou,-1.2154,10.5838,28.77,78,69,1.19,GA,1738509849
536,rio brilhante,-21.8019,-54.5464,35.25,34,4,2.03,BR,1738509850
537,beau vallon,-20.4189,57.6953,28.13,83,75,7.2,MU,1738509851
538,lower hutt,-41.2167,174.9167,13.95,82,28,1.54,NZ,1738509853
539,luoyang,34.6836,112.4536,-0.56,67,86,2.29,CN,1738509854
540,hami,42.8,93.45,-4.54,54,99,2.57,CN,1738509855
541,nowshahr,36.649,51.496,8.97,76,0,1.03,IR,1738509856
542,margate,51.3813,1.3862,7.71,74,10,3.88,GB,1738509859
543,mishan,45.55,131.8833,-16.97,99,96,1.15,CN,1738509861
544,micheweni,-4.9667,39.8333,27.16,73,100,8.21,TZ,1738509862
545,limoeiro do norte,-5.1456,-38.0981,35.19,37,26,4.19,BR,1738509863
546,ulladulla,-35.35,150.4667,17.25,90,1,1.93,AU,1738509864
547,ezine,39.7856,26.3408,12.72,68,100,2.09,TR,1738509865
548,alofi,-19.0595,-169.9187,24.94,94,53,2.06,NU,1738509866
549,mbuji-mayi,-6.15,23.6,31.15,50,88,1.38,CD,1738509867
550,kongoussi,13.3258,-1.5347,30.19,11,98,5.43,BF,1738509868
551,greenville,35.6127,-77.3663,7.01,69,100,4.12,US,1738509725
552,colonia,50.9333,6.95,6.13,71,0,2.57,DE,1738509764
553,amahai,-3.3333,128.9167,26.36,82,100,2.63,ID,1738509872
554,urucui,-7.2294,-44.5561,29.85,62,82,2.02,BR,1738509873
555,camana,-16.6228,-72.7111,23.77,75,13,2.99,PE,1738509874
556,sarangani,5.4033,125.4636,25.67,85,100,5.88,PH,1738509875
557,luanda,-8.8368,13.2343,28.28,67,31,6.22,AO,1738509876
558,polavaram,17.2467,81.6439,24.12,70,2,0.9,IN,1738509877
559,al hada,21.3675,40.2869,16.66,31,0,2.92,SA,1738509879
